<?xml version="1.0" encoding="ISO-8859-1" standalone="no"?>
<!DOCTYPE MAN SYSTEM "manrev.dtd">
<MAN>
  <LANGUAGE>eng</LANGUAGE>
  <TITLE>serialstatus</TITLE>
  <TYPE>Scilab Function  </TYPE>
  <DATE>3-Aug-2006</DATE>
  <SHORT_DESCRIPTION name="serialstatus">get status of the serial port</SHORT_DESCRIPTION>

  <CALLING_SEQUENCE>
  <CALLING_SEQUENCE_ITEM>[queue,status] = serialstatus(h)</CALLING_SEQUENCE_ITEM>
  </CALLING_SEQUENCE>

  <PARAM>
  <PARAM_INDENT>

    <PARAM_ITEM>
    <PARAM_NAME>h</PARAM_NAME>
    <PARAM_DESCRIPTION>
       <SP>
       : string, Tcl handle to the serial port
       </SP>
    </PARAM_DESCRIPTION>
    </PARAM_ITEM>

    <PARAM_ITEM>
    <PARAM_NAME>queue</PARAM_NAME>
    <PARAM_DESCRIPTION>
       <SP>
       : two-element vector: number of bytes in the input and in the output queue
       </SP>
    </PARAM_DESCRIPTION>
    </PARAM_ITEM>

    <PARAM_ITEM>
    <PARAM_NAME>status</PARAM_NAME>
    <PARAM_DESCRIPTION>
       <SP>
       : string, status of the control lines of the serial port
       </SP>
    </PARAM_DESCRIPTION>
    </PARAM_ITEM>
  </PARAM_INDENT>
  </PARAM>
 
  <DESCRIPTION>
     <DESCRIPTION_INDENT>
     <DESCRIPTION_ITEM>
     <P>
     Get some information about the number of characters present in the input
     and output buffers of the eerial port, and about the status lines (DTS, CTS, 
     ecc.). Something else could be added?
     </P>
     <P>
      The <VERB>translation</VERB> setting of <VERB>openserial</VERB> can come
      in the way. If the input stream contains <VERB>CR</VERB> or <VERB>LF</VERB>
      characters which are filtered out, <LINK>openserial</LINK> counts them but
      <LINK>readserial</LINK> does not see them.</P>
     </DESCRIPTION_ITEM>
     </DESCRIPTION_INDENT>
  </DESCRIPTION>

  <EXAMPLE><![CDATA[
   h=openserial(1,"9600,n,8,1")
   writeserial(h,"#02"+ascii(13))
   [q,flags]=serialstatus(h)
   readserial(h)
   closeserial(h)
  ]]></EXAMPLE>

  <SEE_ALSO>
    <SEE_ALSO_ITEM> <LINK>openserial</LINK> </SEE_ALSO_ITEM>
    <SEE_ALSO_ITEM> <LINK>closeserial</LINK> </SEE_ALSO_ITEM>
    <SEE_ALSO_ITEM> <LINK>writeserial</LINK> </SEE_ALSO_ITEM>
    <SEE_ALSO_ITEM> <LINK>readserial</LINK> </SEE_ALSO_ITEM>
  </SEE_ALSO>

  <AUTHORS>
    <AUTHORS_ITEM label='Enrico Segre'>
    </AUTHORS_ITEM>
  </AUTHORS>

  <BIBLIO>
    <SP>
    <BD>TCL manual</BD>:
    <ITEMIZE>
    <ITEM label="fconfigure -queue -status:">
       http://www.tcl.tk/man/tcl8.4/TclCmd/fconfigure.htm</ITEM>
    </ITEMIZE>
    </SP>
  </BIBLIO>

</MAN>
