<?xml version="1.0" encoding="ISO-8859-1" standalone="no"?>
<!DOCTYPE MAN SYSTEM "manrev.dtd">
<MAN>
  <LANGUAGE>eng</LANGUAGE>
  <TITLE>writeserial</TITLE>
  <TYPE>Scilab Function  </TYPE>
  <DATE>3-Aug-2006</DATE>
  <SHORT_DESCRIPTION name="writeserial">write to the serial port</SHORT_DESCRIPTION>

  <CALLING_SEQUENCE>
  <CALLING_SEQUENCE_ITEM>result = writeserial(h,buf)</CALLING_SEQUENCE_ITEM>
  </CALLING_SEQUENCE>

  <PARAM>
  <PARAM_INDENT>

    <PARAM_ITEM>
    <PARAM_NAME>h</PARAM_NAME>
    <PARAM_DESCRIPTION>
       <SP>
       : string, Tcl handle to the serial port
       </SP>
    </PARAM_DESCRIPTION>
    </PARAM_ITEM>

    <PARAM_ITEM>
    <PARAM_NAME>buf</PARAM_NAME>
    <PARAM_DESCRIPTION>
       <SP>
       : string to be output 
       </SP>
    </PARAM_DESCRIPTION>
    </PARAM_ITEM>

    <PARAM_ITEM>
    <PARAM_NAME>result</PARAM_NAME>
    <PARAM_DESCRIPTION>
       <SP>
       : 0 if write is successful, -1 if unsuccessul
       </SP>
    </PARAM_DESCRIPTION>
    </PARAM_ITEM>
  </PARAM_INDENT>
  </PARAM>
 
  <DESCRIPTION>
     <DESCRIPTION_INDENT>
     <DESCRIPTION_ITEM>
     <P>
      No end of line character is appended to the string; the user might have to
      add it if the device being talked to requires it. The Tcl command 
      <VERB>puts -nonewline</VERB> 
      is used. In addition, the translation mode of <LINK>openserial</LINK>
      can come into way.
     </P>
     </DESCRIPTION_ITEM>
     </DESCRIPTION_INDENT>
  </DESCRIPTION>

  <EXAMPLE><![CDATA[
   h=openserial(1,"9600,n,8,1")
   writeserial(h,"#02"+ascii(13))
   readserial(h)
   closeserial(h)
  ]]></EXAMPLE>

  <SEE_ALSO>
    <SEE_ALSO_ITEM> <LINK>openserial</LINK> </SEE_ALSO_ITEM>
    <SEE_ALSO_ITEM> <LINK>readserial</LINK> </SEE_ALSO_ITEM>
    <SEE_ALSO_ITEM> <LINK>closeserial</LINK> </SEE_ALSO_ITEM>
    <SEE_ALSO_ITEM> <LINK>serialstatus</LINK> </SEE_ALSO_ITEM>
  </SEE_ALSO>

  <AUTHORS>
    <AUTHORS_ITEM label='Enrico Segre'>
    </AUTHORS_ITEM>
  </AUTHORS>

  <BIBLIO>
    <SP>
    <BD>TCL manual</BD>:
    <ITEMIZE>
    <ITEM label="puts:"> http://www.tcl.tk/man/tcl8.4/TclCmd/puts.htm</ITEM>
    <ITEM label="flush:"> http://www.tcl.tk/man/tcl8.4/TclCmd/flush.htm</ITEM>
    </ITEMIZE>
    </SP>
  </BIBLIO>

</MAN>
